{
	"format_version": "1.8.0",
	"animations": {
		"phoenix_walking": {
			"loop": true,
			"animation_length": 2.08,
			"bones": {
				"leftLeg": {
					"rotation": {
						"0.0": [35, 0, 0],
						"0.52": [-15, 0, 0],
						"1.04": [0, 0, 0],
						"1.56": [0, 0, 0],
						"2.08": [35, 0, 0]
					},
					"position": {
						"0.0": [0, 0, 0],
						"0.52": [0, 1, -1],
						"1.04": [0, 1, -2],
						"1.56": [0, 0, 0],
						"2.08": [0, 0, 0]
					}
				},
				"rightLeg": {
					"rotation": {
						"0.0": [0, 0, 0],
						"0.52": [0, 0, 0],
						"1.04": [35, 0, 0],
						"1.56": [-15, 0, 0],
						"2.08": [0, 0, 0]
					},
					"position": {
						"0.0": [0, 1, -2],
						"0.52": [0, 0, 0],
						"1.04": [0, 0, 0],
						"1.56": [0, 1, -1],
						"2.08": [0, 1, -2]
					}
				},
				"body": {
					"position": {
						"0.0": [0, -0.1, 0],
						"0.08": [0, 0, 0],
						"1.08": [0, 0, 0],
						"1.16": [0, -0.1, 0],
						"1.24": [0, 0, 0]
					}
				},
				"head": {
					"rotation": [0, 0, 0],
					"position": {
						"0.0": [0, 0, 0],
						"0.16": [0, 0, -1],
						"0.52": [0, 0, 0],
						"1.04": [0, 0, 0],
						"1.2": [0, 0, -1],
						"1.56": [0, 0, 0]
					}
				}
			}
		},
		"phoenix_grooming": {
			"animation_length": 2.52,
			"bones": {
				"head": {
					"rotation": {
						"0.0": [0, 0, 0],
						"0.52": [101.00573, 13.71742, 32.41107],
						"0.76": [96.01, 13.72, 32.41],
						"1.0": [103.51, 13.72, 32.41],
						"1.24": [101.00573, 13.71742, 32.41107],
						"1.48": [96.01, 13.72, 32.41],
						"1.72": [103.51, 13.72, 32.41],
						"2.08": [101.01, 13.72, 32.41],
						"2.52": [0, 0, 0]
					},
					"position": {
						"0.0": [0, 0, 0],
						"0.52": [0, 0, 0],
						"0.76": [0, 0, 0],
						"1.0": [0, 0, 0],
						"1.24": [0, 0, 0],
						"1.48": [0, 0, 0],
						"1.72": [0, 0, 0],
						"2.08": [0, 0, 0],
						"2.52": [0, 0, 0]
					}
				},
				"rightWing": {
					"rotation": {
						"0.0": [0, 0, 0],
						"0.52": [-45, 32.5, 0],
						"0.8": [-50, 32.5, 0],
						"2.08": [-45, 32.5, 0],
						"2.52": [0, 0, 0]
					},
					"position": {
						"0.0": [0, 0, 0],
						"0.52": [0, 0, 0],
						"0.8": [0, 0, 0],
						"2.08": [0, 0, 0],
						"2.52": [0, 0, 0]
					}
				}
			}
		},
		"phoenix_flying": {
			"loop": true,
			"animation_length": 1.56,
			"bones": {
				"body": {
					"rotation": [65, 0, 0],
					"position": {
						"0.0": [0, 5, 0],
						"1.04": [0, 0, 0],
						"1.56": [0, 5, 0]
					}
				},
				"head": {
					"rotation": {
						"0.0": [-47.5, 0, 0],
						"1.04": [-55, 0, 0],
						"1.56": [-47.5, 0, 0]
					}
				},
				"leftLeg": {
					"rotation": [32.5, 0, 0]
				},
				"rightLeg": {
					"rotation": [32.5, 0, 0]
				},
				"leftWing": {
					"rotation": {
						"0.0": [0, 0, 0],
						"0.48": [-20, 0, -64.62],
						"1.04": [-15, 0, -140],
						"1.32": [-35, 0, -64.62],
						"1.56": [2.5, 0, 0]
					}
				},
				"rightWing": {
					"rotation": {
						"0.0": [0, 0, 0],
						"0.48": [-20, 0, 63.46],
						"1.04": [-15, 0, 137.5],
						"1.32": [-35, 0, 74.04],
						"1.56": [0, 0, 0]
					}
				},
				"tail": {
					"rotation": {
						"0.0": [-37.5, 0, 0],
						"1.04": [-27.5, 0, 0],
						"1.56": [-37.5, 0, 0]
					}
				},
				"wingbones": {
					"rotation": [-65, 0, 0],
					"position": [0, -2, 0]
				},
				"wingbones_2": {
					"rotation": [-65, 0, 0],
					"position": [0, -2, 0]
				}
			}
		},
		"phoenix_idle": {
			"loop": true
		}
	}
}